疾病,實驗,AUC,時間(分),公式_Fold1
高血壓,Top5_parsimony=0.0001,0.566 ± 0.114,46.7,0.189674480000000
高血壓,Top5_parsimony=0,0.500 ± 0.000,47.2,0.189674470000000
高血壓,All26_parsimony=0,0.571 ± 0.123,46.5,0.06502808*SBP_T1 + 0.06502808*SBP_T2 + 0.18967049
