實驗,AUC,公式
Top5_低parsimony,0.5,0.500070150000000
Top5_極低parsimony,0.7136530732281148,0.22708504*SBP_T1 + 0.43876034
