疾病,AUC_mean,AUC_std,Recall_mean,Recall_std,F1_mean,F1_std,公式_Fold1,公式_Fold2,公式_Fold3,公式_Fold4,公式_Fold5
高血壓,0.5804528078743361,0.11025933014988856,0.49713769136846064,0.4658216306476778,0.22887697663215745,0.21181692101705726,0.191427720000000,0.097124524*SBP_T2 + 0.19464248,0.191791023177830,0.192607910000000,0.08414312*SBP_T2 + 0.19518588
高血糖,0.9177791894096249,0.01558593107078742,0.8607772416319948,0.020794837173384328,0.38766069964191735,0.02477479332516242,0.113878176*FBG_T2,0.11767848*FBG_T2,0.1179241*FBG_T2,0.12015239*FBG_T2,0.11537167*FBG_T2
高血脂,0.640098367681905,0.19203151647928715,0.3752460809332847,0.5140937311332467,0.10223725061624034,0.13999719101641492,0.089997835*TC_T2 + 0.0803725521470964,0.090947576*TC_T2 + 0.07950516,0.0788167400000000,0.0807940800000000,0.0774420350000000
