Target,Model,With_Delta,Without_Delta,Delta_Effect
HTN,LR,0.7208482401695431,0.7208453467096275,2.8934599155538976e-06
HTN,RF,0.734881378701377,0.7348037151044122,7.76635969648165e-05
HTN,XGB,0.7055340974576156,0.7007103830112297,0.004823714446385963
HG,LR,0.9377562635538823,0.9377649987254539,-8.735171571627731e-06
HG,RF,0.9243040968099772,0.924957831336477,-0.0006537345264998606
HG,XGB,0.9244029051629538,0.9221505618064446,0.0022523433565091455
DL,LR,0.8667166683563894,0.8667180385694999,-1.370213110529761e-06
DL,RF,0.8503116230362995,0.849274474351985,0.0010371486843144817
DL,XGB,0.8406950748215257,0.8370863447570278,0.0036087300644979114
