AUC,F1,Recall,訓練時間(秒),訓練時間(分鐘),公式,公式長度,TP,FN,FP,TN,配置,generations,tournament_size,疾病
0.7451328301146947,0.0,0.0,121.79525089263916,2.0299208482106526,"add(log(-0.140), X8)",20,0,202,0,1010,"原始 (gen=20, ts=20)",20.0,20.0,高血壓
0.704330457798255,0.0,0.0,117.61253571510315,1.9602089285850526,"min(neg(0.649), add(X16, add(-0.982, -0.496)))",46,0,202,0,1010,"調整 (gen=20, ts=2)",20.0,2.0,高血壓
0.5,0.0,0.0,251.14330101013184,4.185721683502197,log(-0.227),11,0,202,0,1010,"調整 (gen=50, ts=2)",50.0,2.0,高血壓
0.5441402803646701,0.0,0.0,537.1894056797028,8.95315676132838,"min(log(-0.227), X8)",20,0,202,0,1010,"調整 (gen=100, ts=2)",100.0,2.0,高血壓
0.5441402803646701,0.0,0.0,471.5680618286133,7.859467697143555,"min(log(-0.227), X8)",20,0,202,0,1010,"gen=100, ts=2",,,高血壓
0.9383450911228689,0.5693430656934306,0.5,582.8283960819244,9.713806601365407,"add(add(log(0.019), X10), X10)",30,39,39,20,1114,"gen=100, ts=2",,,高血糖
0.8321105993000348,0.027027027027027025,0.0136986301369863,506.9787712097168,8.449646186828613,"add(log(-0.032), X11)",21,1,72,0,1139,"gen=100, ts=2",,,高血脂
