Disease,AUC,Sensitivity,Specificity,Formula,Time_min
Hypertension,0.5,0.0,1.0,0.166794640000000,32.1028430779775
Hyperglycemia,0.9100892915335983,0.835820895522388,0.8305676855895197,0.119475365*FBG_T2,32.0499724427859
Dyslipidemia,0.8147051656920078,0.8333333333333334,0.6473684210526316,0.043782398*exp(re(TC_T1)),32.277232988675436
