疾病,AUC,F1,Recall,threshold,訓練時間(秒),訓練時間(分鐘),公式,公式長度,TP,FN,FP,TN
高血壓,0.7451328301146947,0.4070796460176992,0.6831683168316832,0.16680429397192403,649.4726684093475,10.824544473489125,0.105737753453395*exp(SBP_T1),29,138,64,338,672
高血糖,0.9428220955998735,0.3850267379679145,0.9230769230769231,0.05305532617671346,606.406088590622,10.106768143177032,0.116001256*FBG_T2,18,72,6,224,910
高血脂,0.801255607538456,0.20186335403726707,0.8904109589041096,0.05945499587118084,631.0943367481232,10.518238945802052,0.052212674*exp(TC_T1),22,65,8,506,633
