疾病,AUC,F1,Recall,threshold,訓練時間(秒),訓練時間(分鐘),公式,公式長度,TP,FN,FP,TN
高血壓,0.7451328301146947,0.3952254641909814,0.7376237623762376,0.16680429397192403,1244.4081528186798,20.740135880311332,0.12988143*exp(SBP_T1),22,149,53,403,607
高血糖,0.9428220955998735,0.38605898123324406,0.9230769230769231,0.05305532617671346,1233.0127577781677,20.55021262963613,0.11392495*FBG_T2,17,72,6,223,911
高血脂,0.801255607538456,0.2154398563734291,0.821917808219178,0.05945499587118084,1248.9202802181244,20.815338003635407,0.04335829*exp(re(TC_T1)),25,60,13,424,715
